id,title,cons,unit,text,inputType,disp01,disp02,disp03,disp04,disp05,disp06,disp07,disp08,disp09,disp10,disp11,disp12,disp13,disp14,disp15,disp16,val01,val02,val03,val04,val05,val06,val07,val08,val09,val10,val11,val12,val13,val14,val15,val16
i010,対策として重視する視点,consTotal,,どんな対策を優先的に表示しますか,sel010,選んで下さい,CO2削減優先,光熱費削減優先,取り組みやすさ考慮,取り組みやすさ優先,,,,,,,,,,,,-1,1,2,3,4,,,,,,,,,,,
i001,家族人数,consTotal,人,あなたを含めて、いっしょに住んでいる人数を選んで下さい。,sel001,選んで下さい,1人,2人,3人,4人,5人,6人,7人,8人,9人以上,,,,,,,-1,1,2,3,4,5,6,7,8,9,,,,,,
i002,集合戸建て,consTotal,,お住いは、戸建てですか、集合住宅ですか,sel002,選んで下さい,戸建て,集合,,,,,,,,,,,,,,-1,1,2,,,,,,,,,,,,,
i003,家の広さ,consTotal,m2,家の延べ床面積で、いちばん近い数値を選んで下さい。,sel003,選んで下さい,15m2,30m2,50m2,70m2,100m2,120m2,150m2,200m2以上,,,,,,,,-1,15,30,50,70,100,120,150,220,,,,,,,
i004,家の所有,consTotal,,持ち家ですか、賃貸ですか,sel004,選んで下さい,持ち家,賃貸,,,,,,,,,,,,,,-1,1,2,,,,,,,,,,,,,
i005,家の階数,consTotal,,何階建てですか、集合住宅の場合何階ですか,sel005,選んで下さい,平屋建て,2階建て,3階以上,,,,,,,,,,,,,-1,1,2,3,,,,,,,,,,,,
i006,天井が屋根面（最上階）か,consTotal,,天井が屋根面（最上階）ですか,sel006,選んで下さい,最上階（上は屋根）,最上階でない（上に部屋がある）,,,,,,,,,,,,,,-1,1,2,,,,,,,,,,,,,
i007,屋根の日当たり,consTotal,,屋根の日当たりはいいですか,sel007,選んで下さい,とてもよい,よい,ときどき陰る,よくない,,,,,,,,,,,,-1,1,2,3,4,,,,,,,,,,,
i008,居室数,consTotal,部屋,家にある部屋の数は,sel008,選んで下さい,1部屋,2部屋,3部屋,4部屋,5部屋,6部屋,7部屋,8部屋以上,,,,,,,,-1,1,2,3,4,5,6,7,8,,,,,,,
i009,築年数,consTotal,年,家を建ててから何年ですか,sel009,選んで下さい,5年未満,5-10年未満,10-20年未満,20年以上,わからない,,,,,,,,,,,-1,3,7,13,30,20,,,,,,,,,,
i021,都道府県,consTotal,,お住まいの都道府県を選んで下さい。,sel021,,,,,,,,,,,,,,,,,,,,,,,,,,,,,,,,
i022,詳細地域,consTotal,,都道府県内の気候が違う場合の地域,sel022,,,,,,,,,,,,,,,,,,,,,,,,,,,,,,,,
i023,公共交通の便利さ,consTotal,,お住いは公共交通の便はいい地域ですか,sel023,選んで下さい,便利,どちらかと言えば便利,どちらかといえば不便,不便,,,,,,,,,,,,-1,1,2,3,4,,,,,,,,,,,
i041,窓の断熱性能,consTotal,,窓の断熱性能,sel041,選んで下さい,樹脂枠三重ガラス,樹脂枠low-Eガラス,樹脂アルミ複合/樹脂枠二重ガラス,アルミ枠二重ガラス,アルミ枠単板ガラス,わからない,,,,,,,,,,-1,1,2,3,4,5,6,,,,,,,,,
i042,壁面の断熱材の厚さ,consTotal,,断熱材の厚さはどの程度ですか,sel042,選んで下さい,グラスウール200mm相当,グラスウール150mm相当,グラスウール100mm相当,グラスウール50mm相当,グラスウール30mm相当,入っていない,わからない,,,,,,,,,-1,200,150,100,50,30,10,-1,,,,,,,,
i043,窓の断熱リフォーム,consTotal,,窓の断熱リフォームをしましかたか,sel043,選んで下さい,全面的にした,一部した,していない,,,,,,,,,,,,,-1,1,2,3,,,,,,,,,,,,
i044,壁天井断熱リフォーム,consTotal,,壁・天井・床などの断熱リフォームをしましたか,sel044,選んで下さい,全面的にした,一部した,していない,,,,,,,,,,,,,-1,1,2,3,,,,,,,,,,,,
i051,太陽光発電の設置,consEnergy,,太陽光発電装置を設置していますか,sel051,選んで下さい,していない,している,,,,,,,,,,,,,,-1,0,1,,,,,,,,,,,,,
i052,太陽光発電のサイズ,consEnergy,kW,設置している太陽光発電装置のサイズを選んで下さい。,sel052,選んで下さい,していない,している（～3kW）,している（4kW),している（5kW),している（6～10kW),している（10kW以上）,,,,,,,,,,-1,0,3,4,5,8,11,,,,,,,,,
i053,太陽光発電の設置年,consEnergy,,太陽光発電を設置した年はいつですか,sel053,選んで下さい,2014年度以前,2015年度,2016年度,2017年度,2018年度,2019年度,2020年度,2021年度,2022年度,2023年度,2024年度・25年9月まで,2025年10月以降,設置していない,,,-1,2014,2015,2016,2017,2018,2019,2020,2021,2022,2023,2024,2025,9999,,
i054,灯油を使っていますか,consEnergy,,灯油を使っていますか,sel054,選んで下さい,はい,いいえ,,,,,,,,,,,,,,-1,1,2,,,,,,,,,,,,,
i061,電気代,consEnergy,円,年平均で、1ヶ月のおおよその電気代を選んでください。,sel061,選んで下さい,1000円,2000円,3000円,5000円,7000円,1万円,1万2000円,1万5000円,2万円,3万円,それ以上,,,,,-1,1000,2000,3000,5000,7000,10000,12000,15000,20000,30000,40000,,,,
i062,売電金額,consEnergy,円,太陽光発電で1ヶ月あたりどのくらい電気を売ることができますか。,sel062,選んで下さい,1000円,2000円,3000円,5000円,7000円,1万円,1万2000円,1万5000円,2万円,3万円,それ以上,,,,,-1,1000,2000,3000,5000,7000,10000,12000,15000,20000,30000,40000,,,,
i063,ガス代,consEnergy,円,年平均で、1ヶ月のおおよそのガス代を選んで下さい。,sel063,選んで下さい,オール電化（使わない）,1000円,2000円,3000円,5000円,7000円,1万円,1万2000円,1万5000円,2万円,3万円,それ以上,,,,-1,0,1000,2000,3000,5000,7000,10000,12000,15000,20000,30000,40000,,,
i064,灯油購入量,consEnergy,円,年平均で、1ヶ月あたりのおおよその灯油使用量を選んでください。,sel064,選んで下さい,使わない,2ヶ月で1缶（9L),月1缶（18L),月2缶（36L),月3缶（54L),週1缶（72L),5日で1缶（108L),週2缶（144L),週3缶（216L),それ以上,,,,,,-1,0,900,1800,3600,5400,7200,10800,14400,21600,30000,,,,,
i065,練炭購入量,consEnergy,円,1ヶ月あたりのおおよその練炭購入量を選んでください。,sel065,選んで下さい,使わない,1000円,2000円,3000円,5000円,7000円,1万円,1万2000円,1万5000円,2万円,3万円,それ以上,,,,-1,0,1000,2000,3000,5000,7000,10000,12000,15000,20000,30000,40000,,,
i066,地域熱供給,consEnergy,円,暖房用の地域熱供給はありますか,sel066,選んで下さい,使わない,使っている,,,,,,,,,,,,,,-1,1,2,,,,,,,,,,,,,
i072,ホームタンクの容量,consEnergy,,ホームタンクが設置されている場合はその容量を選んでください,sel072,選んで下さい,100L,200L,300L,400L,,,,,,,,,,,,-1,100,200,300,400,,,,,,,,,,,
i073,灯油ホームタンク回数,consEnergy,,灯油のホームタンクに年間に入れる回数を選んでください,sel073,選んで下さい,年3回以下,年4-6回,年7-10回,年11-15回,年16-20回,年21回以上,,,,,,,,,,-1,3,5,8,12,18,24,,,,,,,,,
i074,上下水道代,consEnergy,円,1ヶ月あたりのおおよその上下水道代を選んでください。,sel074,選んで下さい,500円,1000円,1500円,2000円,3000円,4000円,5000円,7000円,1万円,1万5000円,それ以上,,,,,-1,500,1000,1500,2000,3000,4000,5000,7000,10000,15000,20000,,,,
i075,車燃料代,consEnergy,円,おおよその1ヶ月のガソリン代（軽油代）を選んで下さい。家族全員分になります。,sel075,選んで下さい,使わない,1000円,2000円,3000円,5000円,7000円,1万円,1万2000円,1万5000円,2万円,3万円,それ以上,,,,-1,0,1000,2000,3000,5000,7000,10000,12000,15000,20000,30000,40000,,,
i081,電力会社,consEnergy,,電力会社を選んでください,sel081,選んで下さい,北海道電力,東北電力,東京電力,中部電力,北陸電力,関西電力,中部電力,四国電力,九州電力,沖縄電力,そのほか,,,,,-1,1,2,3,4,5,6,7,8,9,10,11,,,,
i082,電気契約,consEnergy,,電気の契約種類を選んでください,sel082,選んで下さい,通常の家庭用（従量）,時間帯別契約,,,,,,,,,,,,,,-1,1,2,,,,,,,,,,,,,
i083,ガス種類,consEnergy,,ガスの種類を選んでください,sel083,選んで下さい,都市ガス,LPガス,ガスを使わない,,,,,,,,,,,,,-1,1,2,3,,,,,,,,,,,,
i091,電気代,consSeason,円,1ヶ月のおおよその電気代を選んでください。,sel091,選んで下さい,1000円,2000円,3000円,5000円,7000円,1万円,1万2000円,1万5000円,2万円,3万円,それ以上,,,,,-1,1000,2000,3000,5000,7000,10000,12000,15000,20000,30000,40000,,,,
i092,売電金額,consSeason,円,太陽光発電で1ヶ月あたりどのくらい電気を売ることができますか。,sel092,選んで下さい,1000円,2000円,3000円,5000円,7000円,1万円,1万2000円,1万5000円,2万円,3万円,それ以上,,,,,-1,1000,2000,3000,5000,7000,10000,12000,15000,20000,30000,40000,,,,
i093,ガス代,consSeason,円,1ヶ月のおおよそのガス代を選んで下さい。,sel093,選んで下さい,オール電化（使わない）,1000円,2000円,3000円,5000円,7000円,1万円,1万2000円,1万5000円,2万円,3万円,それ以上,,,,-1,0,1000,2000,3000,5000,7000,10000,12000,15000,20000,30000,40000,,,
i094,灯油購入量,consSeason,円,1ヶ月あたりのおおよその灯油使用量を選んでください。,sel094,選んで下さい,使わない,2ヶ月で1缶（9L),月1缶（18L),月2缶（36L),月3缶（54L),週1缶（72L),5日で1缶（108L),週2缶（144L),週3缶（216L),それ以上,,,,,,-1,0,900,1800,3600,5400,7200,10800,14400,21600,30000,,,,,
i101,給湯器の種類,consHWsum,,お風呂のお湯を沸かす給湯器は、どんな機器ですか。,sel101,選んで下さい,ガス給湯器,エコジョーズ（ガス潜熱回収型）,灯油給湯器,エコフィール（灯油潜熱回収型）,電気温水器,エコキュート（電気）,エコウィル（コジェネ）,エネファーム（燃料電池）,薪,,,,,,,-1,1,2,3,4,5,6,7,8,9,,,,,,
i102,太陽熱温水器,consHWsum,,太陽熱温水器を利用していますか,sel102,選んで下さい,利用している,時々利用している,利用していない,,,,,,,,,,,,,-1,1,2,3,,,,,,,,,,,,
i103,風呂沸かし日数（夏以外）,consHWtub,日/週,お風呂を沸かすのは、1週間に何日くらいですか。,sel103,選んで下さい,お湯をためない,週1日,週2日,2日に1回程度,週5～6日,毎日,,,,,,,,,,-1,0,1,2,3.5,5.5,7,,,,,,,,,
i104,風呂沸かし日数（夏）,consHWtub,日/週,夏場にお風呂を沸かすのは、1週間に何日くらいですか。,sel104,選んで下さい,お湯をためない,週1日,週2日,2日に1回程度,週5～6日,毎日,,,,,,,,,,-1,0,1,2,3.5,5.5,7,,,,,,,,,
i105,シャワー時間(夏以外）,consHWshower,分/日,家族全員でシャワーを使う時間は、1日何分くらいですか。平均的には1人5分程度です。,sel105,選んで下さい,使わない,5分,10分,15分,20分,30分,40分,60分,90分,120分,,,,,,-1,0,5,10,15,20,30,40,60,90,120,,,,,
i106,シャワー時間(夏）,consHWshower,分/日,夏場に家族全員でシャワーを使う時間は、1日何分くらいですか。,sel106,選んで下さい,使わない,5分,10分,15分,20分,30分,40分,60分,90分,120分,,,,,,-1,0,5,10,15,20,30,40,60,90,120,,,,,
i107,お湯はりの高さ,consHWtub,,浴槽にどの高さまでお湯をためますか,sel107,選んで下さい,肩までつかる程度,半身浴,お湯をはらない,,,,,,,,,,,,,-1,8,4,0,,,,,,,,,,,,
i108,浴槽の保温時間,consHWtub,時間,風呂の保温を1日何時間していますか,sel108,選んで下さい,していない,3時間,6時間,10時間,16時間,24時間,,,,,,,,,,-1,0,3,6,10,16,24,,,,,,,,,
i109,浴槽のお湯で体を洗う,consHWtub,,浴槽にためてあるときは浴槽のお湯を使いますか,sel109,選んで下さい,浴槽のお湯を使う,半々くらい,シャワーを使う,わからない,,,,,,,,,,,,-1,10,5,2,0,,,,,,,,,,,
i110,風呂のお湯を温め直す方法,consHWtub,割,追い焚きはどのようにしていますか,sel110,選んで下さい,常に自動で追い焚きをしている,必要に応じて追い焚きをする,必要に応じて注ぎ湯をする,わからない,,,,,,,,,,,,-1,10,5,5,0,,,,,,,,,,,
i111,風呂のお湯が少なくなったとき,consHWtub,割,浴槽のお湯が少なくなったときにどうしますか,sel111,選んで下さい,常に自動でたし湯される,必要に応じて注ぎ湯をする,少ないままで入る,その時どきで対応する,わからない,,,,,,,,,,,-1,10,5,0,5,5,,,,,,,,,,
i112,シャワーのお湯が出るまで,consHWshower,秒,最初にお湯が出てくるまでの時間はどのくらいですか,sel112,選んで下さい,すぐにお湯が出る,5秒くらい待つ,10秒くらい待つ,20秒くらいまつ,1分弱待つ,わからない,,,,,,,,,,-1,3,5,10,20,50,20,,,,,,,,,
i113,食器洗いでのお湯の利用,consHWdishwash,,食器洗いで、お湯を使わずに水を使うようにしていますか,sel113,選んで下さい,常にしている,だいたいしている,時々している,していない,,,,,,,,,,,,-1,1,2,3,4,,,,,,,,,,,
i114,洗面でのお湯使用期間,consHWdresser,ヶ月,洗面での水でなくお湯を沸かして使う時期は、何ヶ月ありますか,sel114,選んで下さい,お湯を使わない,2ヶ月,4ヶ月,6ヶ月,8ヶ月,10ヶ月,12ヶ月,,,,,,,,,-1,0,2,4,6,8,10,12,,,,,,,,
i115,食器洗いでのお湯使用期間,consHWdishwash,ヶ月,食器を洗うのに水でなくお湯を沸かして使う時期は、何ヶ月ありますか,sel115,選んで下さい,お湯を使わない,食器洗い機使用,2ヶ月,4ヶ月,6ヶ月,8ヶ月,10ヶ月,12ヶ月,,,,,,,,-1,0,99,2,4,6,8,10,12,,,,,,,
i116,節水シャワーヘッド,consHWshower,,節水シャワーヘッドを使っていますか,sel116,選んで下さい,使っている,使っていない,わからない,,,,,,,,,,,,,-1,1,2,3,,,,,,,,,,,,
i117,浴槽・ユニットバス,consHWtub,,ユニットバスですか。また浴槽は断熱型ですか,sel117,選んで下さい,断熱浴槽のユニットバス,ユニットバス,ユニットバスでない,,,,,,,,,,,,,-1,1,2,3,,,,,,,,,,,,
i131,便座の保温,consHWtoilet,,便座の保温をしていますか,sel131,選んで下さい,通年している,夏以外している,冬のみしている,していない,,,,,,,,,,,,-1,1,2,3,4,,,,,,,,,,,
i132,便座の温度設定,consHWtoilet,,便座の温度設定はどうしていますか,sel132,選んで下さい,高め,ふつう,低め,わからない,,,,,,,,,,,,-1,1,2,3,4,,,,,,,,,,,
i133,瞬間式保温便座,consHWtoilet,,瞬間式の保温便座ですか,sel133,選んで下さい,はい,いいえ,,,,,,,,,,,,,,-1,1,2,,,,,,,,,,,,,
i134,便座のふたを閉める,consHWtoilet,,使用後に便座のふたを閉めていますか,sel134,選んで下さい,はい,いいえ,,,,,,,,,,,,,,-1,1,2,,,,,,,,,,,,,
i201,暖房する範囲,consHTsum,,よく暖房をする範囲は、家全体のどのくらいになりますか。,sel201,選んで下さい,家全体,家の半分くらい,家の一部,1部屋のみ,部屋の暖房をしない,,,,,,,,,,,-1,1,0.5,0.25,0.1,0.02,,,,,,,,,,
i202,主に使う暖房器具,consHTsum,,部屋を暖めるために最もよく使う暖房器具のエネルギー源は何ですか。床暖房の場合は熱源で選んでください。,sel202,選んで下さい,エアコン,電気熱暖房,ガス,灯油,こたつやホットカーペットのみ,薪・ペレットストーブ,地域熱,,,,,,,,,-1,1,2,3,4,5,6,7,,,,,,,,
i203,補助的に使う暖房器具,consHTsum,,補助的に使う暖房器具はありますか,sel203,選んで下さい,エアコン,電気熱暖房,ガス,灯油,こたつやホットカーペットのみ,薪・ペレットストーブ,地域熱,,,,,,,,,-1,1,2,3,4,5,6,7,,,,,,,,
i204,暖房時間,consHTsum,時間,冬に暖房は1日に何時間くらい使いますか。,sel204,選んで下さい,使わない,1時間,2時間,3時間,4時間,6時間,8時間,12時間,16時間,24時間,,,,,,-1,0,1,2,3,4,6,8,12,16,24,,,,,
i205,暖房設定温度,consHTsum,℃,暖房をするときには何℃に設定しますか。設定できない場合はおよそ何℃になっていますか。,sel205,選んで下さい,使わない,18℃,19℃,20℃,21℃,22℃,23℃,24℃,25℃,26℃以上,,,,,,-1,0,18,19,20,21,22,23,24,25,26,,,,,
i206,暖房する期間,consHTsum,ヶ月,部屋を暖房する期間は1年で何ヶ月くらいですか,sel206,選んで下さい,暖房をしない,1ヶ月,2ヶ月,3ヶ月,4ヶ月,5ヶ月,6ヶ月,8ヶ月,10ヶ月,,,,,,,-1,0,1,2,3,4,5,6,8,10,,,,,,
i211,部屋の名前,consACheat,,部屋の名前,#REF!,,,,,,,,,,,,,,,,,,,,,,,,,,,,,,,,
i212,部屋の広さ,consACheat,m2,冷暖房する部屋の広さを答えてください。吹き抜けがある場合には、その分を2倍してください。,sel212,選んで下さい,4畳半,6畳,8畳,10畳,12畳,15畳,20畳,25畳,30畳,40畳,,,,,,-1,7.3,10,13,16,19.5,24,33,41,49,65,,,,,
i213,窓ガラスの大きさ,consACheat,m2,サッシや窓のガラスの大きさを、その部屋の合計として答えてください。,sel213,選んで下さい,小窓（90×120）,腰窓（120×180）,2枚掃き出し窓（180×180）,4枚掃き出し窓（180×360）,掃き出し6枚相当（180×540）,掃き出し8枚相当（180×720）,,,,,,,,,,-1,1.1,2.2,3.3,6.5,9.7,13,,,,,,,,,
i214,窓ガラスの種類,consACheat,w/m2K,窓ガラスの種類,sel214,選んで下さい,1枚ガラス,アルミ複層ガラス,アルミ以外枠複層ガラス,二重窓,low-e複層ガラス,,,,,,,,,,,-1,6,3.5,2.5,2.5,1.5,,,,,,,,,,
i215,エアコンの使用年数,consACcool,年,エアコンの使用年数,sel215,選んで下さい,持っていない,1年未満,3年未満,5年未満,7年未満,10年未満,15年未満,20年未満,20年以上,,,,,,,-1,0,1,2,4,6,9,13,18,25,,,,,,
i216,エアコン性能,consACcool,,エアコンを購入したときには、省エネ型を選びましたか,sel216,選んで下さい,はい,いいえ,わからない,,,,,,,,,,,,,-1,1,2,3,,,,,,,,,,,,
i217,エアコンのフィルター掃除,consACcool,,エアコンのフィルター掃除をしていますか,sel217,選んで下さい,している,していない,わからない,,,,,,,,,,,,,-1,1,2,3,,,,,,,,,,,,
i231,主に使う暖房器具,consACheat,,部屋を暖めるために最もよく使う暖房器具のエネルギー源は何ですか。床暖房の場合は熱源で選んでください。,sel231,選んで下さい,エアコン,電気熱暖房,ガス,灯油,薪・ペレットストーブ,こたつやホットカーペットのみ,,,,,,,,,,-1,1,2,3,4,5,6,,,,,,,,,
i232,補助的に使う暖房器具,consACheat,,補助的に使う暖房器具はありますか,sel232,選んで下さい,エアコン,電気熱暖房,ガス,灯油,薪・ペレットストーブ,こたつやホットカーペットのみ,,,,,,,,,,-1,0,18,19,20,21,22,23,24,25,26,,,,,
i233,暖房時間,consACheat,時間,冬に暖房は1日に何時間くらい使いますか。,sel233,選んで下さい,使わない,1時間,2時間,3時間,4時間,6時間,8時間,12時間,16時間,24時間,,,,,,-1,0,1,2,3,4,6,8,12,16,24,,,,,
i234,暖房設定温度,consACheat,℃,暖房をするときには何℃に設定しますか。設定できない場合はおよそ何℃になっていますか。,sel234,選んで下さい,使わない,18℃,19℃,20℃,21℃,22℃,23℃,24℃,25℃,26℃以上,,,,,,-1,0,18,19,20,21,22,23,24,25,26,,,,,
i235,暖房する期間,consACheat,ヶ月,部屋を暖房する期間は1年で何ヶ月くらいですか,sel235,選んで下さい,暖房をしない,1ヶ月,2ヶ月,3ヶ月,4ヶ月,5ヶ月,6ヶ月,8ヶ月,10ヶ月,,,,,,,-1,0,1,2,3,4,5,6,8,10,,,,,,
i236,加湿器の使用期間,consACheat,ヶ月,加湿器を使う期間は、1年で何ヶ月くらいですか,sel236,選んで下さい,加湿をしない,1ヶ月,2ヶ月,3ヶ月,4ヶ月,5ヶ月,6ヶ月,,,,,,,,,-1,0,1,2,3,4,5,6,,,,,,,,
i237,断熱シートの設置,consACheat,,冬場の厚手のカーテン・断熱シートの設置,sel237,選んで下さい,している,していない,,,,,,,,,,,,,,-1,1,2,,,,,,,,,,,,,
i238,部屋を戸で締め切れますか,consACheat,,部屋を戸で締め切れますか,sel238,選んで下さい,できる,できない,,,,,,,,,,,,,,-1,1,2,,,,,,,,,,,,,
i239,吹き抜け,consACheat,,吹き抜けもしくは、部屋から階段で上階に上がれますか,sel239,選んで下さい,ある,ない,,,,,,,,,,,,,,-1,1,2,,,,,,,,,,,,,
i240,部屋のしきりによる暖房面積の削減,consACheat,,部屋のしきりによる暖房面積の削減,sel240,選んで下さい,できない,2割減,3～4割減,半減,6～7割減,,,,,,,,,,,-1,0,2,3,5,7,,,,,,,,,,
i241,電気ストーブの使用時間,consACheat,,電気ストーブ・オイルヒータの使用時間,sel241,選んで下さい,使わない,1時間,2時間,3時間,4時間,6時間,8時間,12時間,16時間,24時間,,,,,,-1,0,1,2,3,4,6,8,12,16,24,,,,,
i242,部屋の寒さ,consACheat,,その部屋は暖房は効きますか,sel242,選んで下さい,暖房すると寒さは感じない,やや寒い,なかなか暖まらない,暖房しても寒い,暖房はしない,,,,,,,,,,,-1,1,2,3,4,5,,,,,,,,,,
i243,窓の結露の有無,consHTsum,,窓の結露はありますか,sel243,選んで下さい,よく結露する,少し結露する,ほとんど結露しない,結露しない,わからない,,,,,,,,,,,-1,1,2,3,4,5,,,,,,,,,,
i244,押入れなどの壁面の結露,consHTsum,,押入れなどの壁面の結露はありますか,sel244,選んで下さい,よく結露する,少し結露する,ほとんど結露しない,結露しない,わからない,,,,,,,,,,,-1,1,2,3,4,5,,,,,,,,,,
i245,朝方寒さを感じること,consHTsum,ヶ月,最も実感できる寒さを選んで下さい,sel245,選んで下さい,寒さで朝起きるのがつらい,手足が冷たい,窓に霜がつく,部屋で息が白く曇る,,,,,,,,,,,,-1,1,2,3,4,5,,,,,,,,,,
i246,朝方の寒さが始まる時期,consHTsum,,朝方の寒さはいつからですか,sel246,選んで下さい,10月上旬,10月下旬,11月上旬,11月下旬,12月上旬,12月下旬,1月上旬,1月下旬,,,,,,,,-1,1,2,3,4,5,6,7,8,,,,,,,
i247,朝方の寒さが終わる時期,consHTsum,,朝方の寒さはいつまでですか,sel247,選んで下さい,2月上旬,2月下旬,3月上旬,3月下旬,4月上旬,4月下旬,5月上旬,5月下旬,,,,,,,,-1,1,2,3,4,5,6,7,8,,,,,,,
i248,厚着の工夫,consHTsum,,暖房をつけるまえにまず厚着をするよう心がけていますか,sel248,選んで下さい,常にしている,だいたいしている,時々している,していない,,,,,,,,,,,,-1,1,2,3,4,,,,,,,,,,,
i249,不在部屋の暖房,consHTsum,,人がいない部屋を暖房しないようにしていますか,sel249,選んで下さい,常にしている,だいたいしている,時々している,していない,,,,,,,,,,,,-1,1,2,3,4,,,,,,,,,,,
i261,冷房時間,consCOsum,時間,夏に冷房は1日に何時間くらい使いますか。,sel261,選んで下さい,使わない,1時間,2時間,3時間,4時間,6時間,8時間,12時間,16時間,24時間,,,,,,-1,0,1,2,3,4,6,8,12,16,24,,,,,
i262,冷房時間帯,consCOsum,,主にいつの時間帯に冷房を使いますか,sel262,選んで下さい,使わない,朝,昼,夕方,夜,,,,,,,,,,,-1,0,1,2,3,4,,,,,,,,,,
i263,冷房設定温度,consCOsum,℃,冷房をするときには何℃に設定しますか。,sel263,選んで下さい,24℃以下,25℃,26℃,27℃,28℃,29℃,30℃,使わない,,,,,,,,-1,24,25,26,27,28,29,30,0,,,,,,,
i264,冷房する期間（除湿含む）,consCOsum,ヶ月,冷房する期間（除湿含む）,sel264,選んで下さい,冷房をしない,1ヶ月,2ヶ月,3ヶ月,4ヶ月,5ヶ月,6ヶ月,,,,,,,,,-1,0,1,2,3,4,5,6,,,,,,,,
i265,部屋の暑さ,consCOsum,,その部屋は暑いですか,sel265,選んで下さい,冷房すると暑さは感じない,やや暑い,なかなか涼しくならない,冷房しても暑い,冷房はしない,,,,,,,,,,,-1,1,2,3,4,5,,,,,,,,,,
i266,日射の流入の有無,consCOsum,,夏の朝や夕方に日光が部屋に入りますか,sel266,選んで下さい,よく入る,少しはいる,入らない,わからない,,,,,,,,,,,,-1,1,2,3,4,,,,,,,,,,,
i267,日射カット,consCOsum,,西日や朝日が入ると部屋が暑くなります。日射が入らないように工夫していますか,sel267,選んで下さい,常にしている,だいたいしている,時々している,していない,,,,,,,,,,,,-1,1,2,3,4,,,,,,,,,,,
i268,扇風機利用,consCOsum,,扇風機を活用するなどしてエアコンをなるべく使わないようにしていますか,sel268,選んで下さい,常にしている,だいたいしている,時々している,していない,,,,,,,,,,,,-1,1,2,3,4,,,,,,,,,,,
i271,冷房時間,consACcool,時間,夏に冷房は1日に何時間くらい使いますか。,sel271,選んで下さい,使わない,1時間,2時間,3時間,4時間,6時間,8時間,12時間,16時間,24時間,,,,,,-1,0,1,2,3,4,6,8,12,16,24,,,,,
i272,冷房時間帯,consACcool,,主にいつの時間帯に冷房を使いますか,sel272,選んで下さい,使わない,朝,昼,夕方,夜,,,,,,,,,,,-1,0,1,2,3,4,,,,,,,,,,
i273,冷房設定温度,consACcool,℃,冷房をするときには何℃に設定しますか。,sel273,選んで下さい,24℃以下,25℃,26℃,27℃,28℃,29℃,30℃,使わない,,,,,,,,-1,24,25,26,27,28,29,30,0,,,,,,,
i274,冷房する期間（除湿含む）,consACcool,ヶ月,冷房する期間（除湿含む）,sel274,選んで下さい,冷房をしない,1ヶ月,2ヶ月,3ヶ月,4ヶ月,5ヶ月,6ヶ月,,,,,,,,,-1,0,1,2,3,4,5,6,,,,,,,,
i275,部屋の暑さ,consACcool,,その部屋は暑いですか,sel275,選んで下さい,冷房すると暑さは感じない,やや暑い,なかなか涼しくならなお,冷房しても暑い,冷房はしない,,,,,,,,,,,-1,1,2,3,4,5,,,,,,,,,,
i276,日射流入の有無,consACcool,,夏の朝や夕方に日光が部屋に入りますか,sel276,選んで下さい,よく入る,少しはいる,入らない,わからない,,,,,,,,,,,,-1,1,2,3,4,,,,,,,,,,,
i277,日射カット,consACcool,,西日や朝日が入ると部屋が暑くなります。日射が入らないように工夫していますか,sel277,選んで下さい,常にしている,だいたいしている,時々している,していない,,,,,,,,,,,,-1,1,2,3,4,,,,,,,,,,,
i278,扇風機利用,consACcool,,扇風機を活用するなどしてエアコンをなるべく使わないようにしていますか,sel278,選んで下さい,常にしている,だいたいしている,時々している,していない,,,,,,,,,,,,-1,1,2,3,4,,,,,,,,,,,
i281,セントラルヒーティング,consHTcold,,セントラルヒーティングですか,sel281,選んで下さい,はい,いいえ,,,,,,,,,,,,,,-1,1,2,,,,,,,,,,,,,
i282,セントラル熱源,consHTcold,,セントラルヒーティングの熱源は,sel282,選んで下さい,灯油,電気,電気（ヒートポンプ）,ガス,ハイブリッド（ヒートポンプ＋ガス）,地域熱供給,,,,,,,,,,-1,1,2,3,4,5,6,,,,,,,,,
i283,セントラル専用熱源,consHTcold,,セントラルの熱源機と風呂の熱源は別ですか,sel283,選んで下さい,セントラル専用,風呂と共用,,,,,,,,,,,,,,-1,1,2,,,,,,,,,,,,,
i284,セントラル暖房期間,consHTcold,,セントラル暖房を使う期間は,sel284,選んで下さい,使わない,1ヶ月,2ヶ月,3ヶ月,4ヶ月,5ヶ月,6ヶ月,8ヶ月,,,,,,,,-1,0,1,2,3,4,5,6,8,,,,,,,
i285,熱交換換気,consHTsum,,熱交換式の換気ですか,sel285,選んで下さい,はい,いいえ,,,,,,,,,,,,,,-1,1,2,,,,,,,,,,,,,
i286,ロードヒーティング,consHTcold,,ロードヒーティングを使っていますか,sel286,選んで下さい,はい,いいえ,,,,,,,,,,,,,,-1,1,2,,,,,,,,,,,,,
i287,ロードヒーティング熱源,consHTcold,,ロードヒーティングの熱源,sel287,選んで下さい,灯油,電気,電気（ヒートポンプ）,ガス,ハイブリッド（ヒートポンプ＋ガス）,地域熱供給,,,,,,,,,,-1,1,2,3,4,5,6,,,,,,,,,
i288,ロードヒーティング面積,consHTcold,,ロードヒーティング面積,sel288,選んで下さい,1坪（3m2),2坪（7m2),3坪（10m2),5坪（15m2),10坪（30m2),15坪（50m2),20坪（65m2),30坪（100m2),,,,,,,,-1,3,7,10,15,30,50,65,100,,,,,,,
i289,ロードヒーティング利用頻度,consHTcold,,ロードヒーティング利用頻度,sel289,選んで下さい,年2-3日,月に1日くらい,月に2-3日,週に2-3日,センサーで常時ON,センサーなしで常時ON,,,,,,,,,,-1,2,6,12,30,50,100,,,,,,,,,
i290,ルーフヒーティングの利用,consHTcold,,ルーフヒーティングを使っていますか,sel290,選んで下さい,はい,いいえ,,,,,,,,,,,,,,-1,1,2,,,,,,,,,,,,,
i291,ルーフヒーティングの対象面積,consHTcold,,ルーフヒーティングの対象面積,sel291,選んで下さい,:樋のまわりのみ,屋根面全体,,,,,,,,,,,,,,-1,10,30,,,,,,,,,,,,,
i292,ルーフヒーティングの熱源,consHTcold,,ルーフヒーティングの熱源,sel292,選んで下さい,灯油,電気,電気（ヒートポンプ）,ガス,コジェネ（ガス）,コジェネ（灯油）,地域熱供給,,,,,,,,,-1,1,2,3,4,5,6,,,,,,,,,
i293,ルーフヒーティングの利用頻度,consHTcold,,ルーフヒーティングを使う頻度は,sel293,選んで下さい,年2-3日,月に1日くらい,月に2-3日,週に2-3日,センサーで常時ON,センサーなしで常時ON,,,,,,,,,,-1,2,6,15,30,50,100,,,,,,,,,
i294,融雪槽の利用,consHTcold,,融雪槽の利用,sel294,選んで下さい,はい,いいえ,わからない,,,,,,,,,,,,,-1,1,2,3,,,,,,,,,,,,
i295,融雪槽の熱源,consHTcold,,融雪槽の熱源,sel295,選んで下さい,灯油,電気,電気（ヒートポンプ）,ガス,コジェネ（ガス）,コジェネ（灯油）,地域熱供給,,,,,,,,,-1,1,2,3,4,5,6,,,,,,,,,
i320,日中の在宅,consTotal,人,日中にだれか在宅していますか？,sel320,選んで下さい,在宅,不在,,,,,,,,,,,,,,-1,1,2,,,,,,,,,,,,,
i401,衣類乾燥機の利用頻度,consDRsum,,洗濯の乾燥機や乾燥機能を使っていますか。使っている場合にはどの程度使うのか選んで下さい。,sel401,選んで下さい,使わない,月1～3回,週1～2回,2日に1回,毎日,,,,,,,,,,,-1,5,4,3,2,1,,,,,,,,,,
i402,乾燥機の種類,consDRsum,,乾燥機の種類,sel402,選んで下さい,電気(ヒートポンプ式）,電気,ガス,わからない,持っていない,,,,,,,,,,,-1,1,2,3,4,5,,,,,,,,,,
i403,洗濯の頻度,consDRsum,,洗濯機の使い方はどうですか,sel403,選んで下さい,毎日何回も洗濯機を回す,毎日2回程度洗濯機を回す,毎日1回洗濯機を回す,汚れ物がたまったら洗濯機を回す,わからない,,,,,,,,,,,-1,4,2,1,0.5,1,,,,,,,,,,
i411,掃除機の強弱,consDRsum,,掃除機の強弱の設定はどうしていますか,sel411,選んで下さい,ほとんど強で使っている,場所により使い分けている,基本、弱で使っている,設定がない,わからない,,,,,,,,,,,-1,1,2,3,4,5,6,,,,,,,,,
i412,掃除機利用,consDRsum,分/日,掃除機を１日にどの程度使いますか,sel412,選んで下さい,ほとんど使わない,5分,10分,15分,30分,1時間,ロボット掃除機を使用,わからない,,,,,,,,-1,0,5,10,15,30,60,11,12,,,,,,,
i501,リビングの照明,consLIsum,W,リビングの照明器具には、主に何を使っていますか。,sel501,選んで下さい,白熱電球,蛍光灯,LED,,,,,,,,,,,,,-1,1,2,3,,,,,,,,,,,,
i502,不在部屋の照明,consLIsum,,人がいない部屋の照明は消していますか,sel502,選んで下さい,全てつける,つけっぱなしの場所もある,ほとんど消している,消している,,,,,,,,,,,,-1,10,6,2,0,,,,,,,,,,,
i511,照明の場所,consLI,,照明を使っている場所はどこですか,sel511,選んで下さい,玄関,門灯,廊下,トイレ,脱衣所,風呂,居室,,,,,,,,,-1,1,2,3,4,5,6,7,8,9,10,,,,,
i512,照明の種類,consLI,,使っている照明の種類は何ですか,sel512,選んで下さい,白熱電球,電球形蛍光灯,蛍光灯,細管蛍光灯,LED,センサー式ライト,,,,,,,,,,-1,1,2,3,4,5,6,,,,,,,,,
i513,1球（本）の消費電力,consLI,W,1球（もしくは1本）の消費電力はどれだけですか（電球なら40～60W、直管蛍光灯なら15～40W、環形蛍光灯なら30～40W程度です）,sel513,選んで下さい,5W,10W,15W,20W,30W,40W,60W,80W,100W,,,,,,,-1,5,10,15,20,30,40,60,80,100,,,,,,
i514,球数・本数,consLI,球・本,器具に複数の球がある場合、何球・何本ありますか,sel514,選んで下さい,1球・本,2球・本,3球・本,4球・本,6球・本,8球・本,10球・本,,,,,,,,,-1,1,2,3,4,6,8,10,,,,,,,,
i515,照明の使用時間,consLI,時間/日,1日に何時間使いますか,sel515,選んで下さい,使わない,1時間,2時間,3時間,4時間,6時間,8時間,12時間,16時間,24時間,,,,,,-1,0,1,2,3,4,6,8,12,16,24,,,,,
i601,テレビの時間,consTVsum,時間,家にある全てのテレビの合計で、１日に何時間点けていますか。テレビゲームの時間も含めて下さい。,sel601,選んで下さい,使わない,2時間,4時間,6時間,8時間,12時間,16時間,24時間,32時間,40時間,,,,,,-1,0,2,4,6,8,12,16,24,32,40,,,,,
i631,テレビのサイズ,consTV,インチ,テレビのサイズ,sel631,選んで下さい,持っていない,20インチ未満,20～30インチ,30～40インチ,40～50インチ,50～65インチ,65インチ以上,,,,,,,,,-1,0,18,25,35,45,60,70,,,,,,,,
i632,テレビの使用年数,consTV,年,テレビの使用年数,sel632,選んで下さい,持っていない,1年未満,3年未満,5年未満,7年未満,10年未満,15年未満,20年未満,20年以上,,,,,,,-1,0,1,2,4,6,9,13,18,25,,,,,,
i633,テレビの時間,consTV,年,テレビの時間,sel633,選んで下さい,使わない,2時間,4時間,6時間,8時間,12時間,16時間,24時間,,,,,,,,-1,0,2,4,6,8,12,16,24,,,,,,,
i701,冷蔵庫の台数,consRFsum,台,冷蔵庫を何台使っていますか。ストッカー（冷凍庫）も1台と数えて下さい。,sel701,選んで下さい,持っていない,1台,2台,3台,4台,5台,,,,,,,,,,-1,0,1,2,3,4,5,,,,,,,,,
i711,冷蔵庫の使用年数,consRF,年,冷蔵庫の使用年数,sel711,選んで下さい,持っていない,1年未満,3年未満,5年未満,7年未満,10年未満,15年未満,20年未満,20年以上,,,,,,,-1,0,1,2,4,6,8,12,17,25,,,,,,
i712,冷蔵庫の種類,consRF,,冷蔵庫の種類,sel712,選んで下さい,冷凍冷蔵庫,冷凍庫（ストッカー）,,,,,,,,,,,,,,-1,1,2,,,,,,,,,,,,,
i713,定格内容量,consRF,,定格内容量,sel713,選んで下さい,100L未満,101-200リットル,201-300リットル,301-400リットル,401-500リットル,501リットル以上,,,,,,,,,,-1,80,150,250,350,450,550,,,,,,,,,
i714,冷蔵庫温度設定,consRF,,温度設定はどうしていますか,sel714,選んで下さい,強,中,弱,わからない,,,,,,,,,,,,-1,1,2,3,4,,,,,,,,,,,
i715,中身のつめすぎ,consRF,,つめすぎないように心がけていますか,sel715,選んで下さい,気をつけている,あまりできていない,できていない,わからない,,,,,,,,,,,,-1,1,2,3,4,,,,,,,,,,,
i716,壁からすきまを開けた設置,consRF,,側面・裏面に5cm程度のすきまをあけていますか,sel716,選んで下さい,できている,できていない,わからない,,,,,,,,,,,,,-1,1,2,3,,,,,,,,,,,,
i801,コンロの熱源,consCKcook,,コンロの熱源は,sel801,選んで下さい,ガス,電気(IHなど）,わからない,,,,,,,,,,,,,-1,1,2,3,,,,,,,,,,,,
i802,調理の頻度,consCKcook,割,調理の頻度,sel802,選んで下さい,しない,週１食以下,週に2-3食,1日1食,1日2食,1日3食,,,,,,,,,,-1,0,1,2,4,7,10,,,,,,,,,
i811,ジャーの保温,consCKrice,,炊飯ジャーの保温をしていますか,sel811,選んで下さい,していない,6時間程度している,12時間程度している,ほぼ24時間している,,,,,,,,,,,,-1,0,6,12,24,,,,,,,,,,,
i821,ポットの保温,consCKpot,,ポットの保温をしていますか,sel821,選んで下さい,していない,6時間程度している,12時間程度している,ほぼ24時間している,,,,,,,,,,,,-1,0,6,12,24,,,,,,,,,,,
i822,電気ポットの省エネ性,consCKpot,,電気ポットは省エネタイプですか,sel822,選んで下さい,はい,いいえ,わからない,,,,,,,,,,,,,-1,1,2,3,,,,,,,,,,,,
i901,車の保有台数,consCRsum,,車の保有台数,sel901,選んで下さい,持っていない,1台,2台,3台,4台,5台以上,,,,,,,,,,-1,0,1,2,3,4,5,,,,,,,,,
i902,スクータ・バイクの保有台数,consCRsum,,スクータ・バイクの保有台数,sel902,選んで下さい,持っていない,1台,2台,3台,4台,5台以上,,,,,,,,,,-1,0,1,2,3,4,5,,,,,,,,,
i911,車の種類,consCR,,車の種類,sel911,選んで下さい,軽自動車,小型車,バン,3ナンバー,電気自動車,バイク・スクータ,大型バイク,,,,,,,,,-1,1,2,3,4,5,6,7,,,,,,,,
i912,車の燃費,consCR,,車の燃費,sel912,選んで下さい,6km/L以下,7-9km/L,10-12km/L,13-15km/L,16-20km/L,21-26km/L,27-35km/L,36km/L以上,,,,,,,,-1,6,8,11,14,18,23,30,40,,,,,,,
i913,車の主な利用者,consCR,,だれの車ですか。もしくは呼び方があれば記入してください。,#REF!,,,,,,,,,,,,,,,,,,,,,,,,,,,,,,,,
i914,エコタイヤの使用,consCR,,エコタイヤを使っていますか,sel914,選んで下さい,はい,いいえ,わからない,,,,,,,,,,,,,-1,1,2,3,,,,,,,,,,,,
i921,行き先,consCRtrip,,よく出かける行き先,#REF!,,,,,,,,,,,,,,,,,,,,,,,,,,,,,,,,
i922,頻度,consCRtrip,,どの程度車で行きますか,sel922,選んで下さい,毎日,週5回,週2～3回,週1回,月に2回,月1回,２ヶ月に1回,年2-3回,年1回,,,,,,,-1,365,250,120,50,25,12,6,2,1,,,,,,
i923,片道距離,consCRtrip,km,片道距離,sel923,選んで下さい,1km,2km,3km,5km,10km,20km,30km,50km,100km,200km,400km,600km以上,,,,-1,1,2,3,5,10,20,30,50,100,200,400,700,,,
i924,使用する車,consCRtrip,,どの車を主に使いますか,sel924,選んで下さい,1台目,2台目,3台目,4台目,5台目,,,,,,,,,,,-1,1,2,3,4,5,,,,,,,,,,
i931,アイドリングストップ,consCRsum,,長時間の停車でアイドリングストップをしていますか,sel931,選んで下さい,いつもしている,時々している,していない,,,,,,,,,,,,,-1,1,2,3,,,,,,,,,,,,
i932,急加速や急発進,consCRsum,,急加速や急発進をしないようにしていますか,sel932,選んで下さい,いつもしている,時々している,していない,,,,,,,,,,,,,-1,1,2,3,,,,,,,,,,,,
i933,加減速の少ない運転,consCRsum,,加減速の少ない運転,sel933,選んで下さい,いつもしている,時々している,していない,,,,,,,,,,,,,-1,1,2,3,,,,,,,,,,,,
i934,早めのアクセルオフ,consCRsum,,早めのアクセルオフ,sel934,選んで下さい,いつもしている,時々している,していない,,,,,,,,,,,,,-1,1,2,3,,,,,,,,,,,,
i935,道路交通情報の活用,consCRsum,,道路交通情報の活用,sel935,選んで下さい,いつもしている,時々している,していない,,,,,,,,,,,,,-1,1,2,3,,,,,,,,,,,,
i936, 不要な荷物を積まない,consCRsum,, 不要な荷物は積まずに走行,sel936,選んで下さい,いつもしている,時々している,していない,,,,,,,,,,,,,-1,1,2,3,,,,,,,,,,,,
i937,カーエアコンの温度調節,consCRsum,,カーエアコンの温度・風量をこまめに調節していますか,sel937,選んで下さい,いつもしている,時々している,していない,,,,,,,,,,,,,-1,1,2,3,,,,,,,,,,,,
i938,暖機運転せずに走行する,consCRsum,,寒い日に暖機運転をしていますか,sel938,選んで下さい,いつもしている,時々している,していない,,,,,,,,,,,,,-1,1,2,3,,,,,,,,,,,,
i939,タイヤの空気圧のチェック,consCRsum,,タイヤの空気圧を適切に保つよう心がけていますか,sel939,選んで下さい,いつもしている,時々している,していない,,,,,,,,,,,,,-1,1,2,3,,,,,,,,,,,,
i221,エアコンの性能,consCOsum,,エアコンの省エネ性能は良いですか（1級ですか）,sel221,選んで下さい,とてもよい,ふつう,あまりよくない,わからない,,,,,,,,,,,,-1,1,2,3,4,,,,,,,,,,,
i121,温水器の性能,consHWsum,,温水器の省エネ性能は良いですか。（1級ですか）,sel121,選んで下さい,とてもよい,ふつう,あまりよくない,わからない,,,,,,,,,,,,-1,1,2,3,4,,,,,,,,,,,
i621,テレビの性能,consTVsum,,テレビの省エネ性能は良いですか。（1級ですか）,sel621,選んで下さい,とてもよい,ふつう,あまりよくない,わからない,,,,,,,,,,,,-1,1,2,3,4,,,,,,,,,,,
i421,洗濯機の性能,consDRsum,,洗濯機の省エネ性能は良いですか。（1級ですか）,sel421,選んで下さい,とてもよい,ふつう,あまりよくない,わからない,,,,,,,,,,,,-1,1,2,3,4,,,,,,,,,,,
i721,冷蔵庫の性能,consRFsum,,冷蔵庫の省エネ性能は良いですか。（1級ですか）,sel721,選んで下さい,とてもよい,ふつう,あまりよくない,わからない,,,,,,,,,,,,-1,1,2,3,4,,,,,,,,,,,
i941,ガソリン車,consCRsum,,ガソリン車を何台お持ちですか,sel941,選んで下さい,1台,2台,3台以上,無し,,,,,,,,,,,,-1,1,2,3,0,,,,,,,,,,,
i942,ハイブリッド車,consCRsum,,ハイブリッド車を何台お持ちですか,sel942,選んで下さい,1台,2台,3台以上,無し,,,,,,,,,,,,-1,1,2,3,0,,,,,,,,,,,
i943,電気自動車,consCRsum,,電気自動車を何台お持ちですか,sel943,選んで下さい,1台,2台,3台以上,無し,,,,,,,,,,,,-1,1,2,3,0,,,,,,,,,,,
i951,太陽光発電の設置可能容量,consEnergy,kW,設置可能な太陽光発電装置のサイズを選んで下さい。,sel951,選んで下さい,すでに設置している/設置できない,1kW（6畳程度）,2kW（12畳程度）,3kW（18畳程度）,4kW（25畳程度）,5kW（30畳程度）,6kW(（35畳程度）,7kW（40畳程度）,8kW（50畳程度）,9kW（55畳程度）,10kW（60畳程度）,,,,,-1,0,1,2,3,4,5,6,7,8,9,10,,,,
